dni,nombre,apellido,email,contrasena
07759532,Gerardo,Blas,gerblas431@gmail.com,37ys7331
07898671,Eduardo,Hurtado,edhurt559@gmail.com,dh38nn8
46967914,Juan,Lopez,jlopez8846@gmail.com,s8j982s2
43733080,Sally,Balvin,sally76b11@gmail.com,dj293j92
46986530,Armando,Humilde,armando6119@gmail.com,r39u8ur
72682047,Flavia,Villagran,flaviav1615@gmai.com,9r3u8r5
07902458,Maria,Foster,mariafos556@gmail.com,u29328
73827973,Glesner,Macuri,glesnerm135@gmail.com,q9u1999
47647846,Milena,Crisostomo,mile44581@gmail.com,fh34899
72895866,Kiara,Smith,kiara12s9@gmail.com,2381yyy
41449501,Karla,Mendoza,karlam340@gmail.com,8ur3889
45836418,Marco,Sierra,marcos433@gmail.com,ru484r89
06414314,Diana,Foster,dianaf1010@gmail.com,8r2u8e
46115277,Jorge,Mendoza,jorgem7979@gmail.com,e8i49e4
40054669,Plumel,Villagran,plumel.v489@gmail.com,ami92302
70766286,Gabriela,Chambi,gabi.c2827@gmail.com,mx99w991
07489088,Sandro,Villagran,sandrov1893@gmail.com,9sk9j9030
25814410,Marina,Smith,marina4447@gmail.com,c823e89
70562317,Americo,Salas,amer.s839@gmail.com,9ddj8985
74707583,Tania,Pimentel,taniap6788@gmail.com,8e287ye7
18068792,Richard,Smith,richard7711@gmail.com,12898sjj
28300798,Herminio,Huaman,hermm4010@gmail.com,sm98s33
72683534,Areli,Rivera,arelir0912@gmail.com,pqw830
17926181,Maria,Aldave,mariaa3444@gmail.com,ms92829
29235476,Luis,Malaga,luis.m899@gmail.com,39j8e3jg
06294107,Enma,Ruiz,enma.ru5466@gmail.com,s2983j8
17904360,Yuli,Jimenez,yuli9620@gmail.com,aham1291
43886874,Carlos,Aguilar,carlos.a1249@gmail.com,ak2290s
40090002,Cesar,Smith,cesar045s@gmail.com,e2yy899
73931984,Jhader,Pimentel,jhaderp519@gmail.com,rsda7888
18062082,Luz,Lopez,luz.lo2727@gmail.com,kd93943
70940276,Yesenia,Miranda,yesen.m826@gmail.com,93n9smm
72384524,Gregory,Huaman,greg.h2587@gmail.com,c83938cm
44556618,Elizabeth,Flores,lizzy4633@gmail.com,8278hs7s2
72741681,Leslie,Blas,leslieb626@gmail.com,mx3883xn
07856484,Nery,Rivera,nery.r114@gmail.com,au0930
03316280,Irene,Aguilar,irene12a44@gmail.com,x2xm99
06574282,Armando,Jimenez,armandoj1313@gmail.com,eiu92u29
29535571,Angelica,Malaga,angelm366@gmail.com,928skss9
21475640,Victor,Mendoza,victor.m1341@gmail.com,98w98qa
47040350,Renzo,Salas,renzo4s983@gmail.com,8s29828f
48749245,Evaristo,Ruiz,evaristo4527@gmail.com,a8227j8
07863966,George,Foster,georgef9017@gmail.com,u9w9u2
42646032,Cecilia,Gonzales,ceci.g4913@gmail.com,938w293w
74563639,Marcell,Smith,marcell2s34@gmail.com,whss9h8
42324144,Cyntia,Miranda,cyntia1m25@gmail.com,e9sks997
41717225,Catherine,Foster,catherine1676@gmail.com,hddh98
22281323,Carmen,Ruiz,carmenr218@gmail.com,m92977
73007879,Andrea,Mendoza,andrea.m1445@gmail.com,8w938kr
43018190,Alicia,Salas,alicia6752@gmail.com,c8y8wi3
40695447,Leonardo,Lopez,leo4679@gmail.com,m9d993
73177560,Michael,Flores,michael.f450@gmail.com,7h288w2
44663408,Lorena,Aguilar,lore.a2378@gmail.com,xks99s2
70663755,Yanina,Jimenez,yanina1515@gmail.com,d8922u94
76826257,Brigitte,Huaman,brigitte3615@gmail.com,c3ms9m3
44968200,Lourdes,Sierra,lourdes1425@gmail.com,yt5y585
40146994,Edith,Mendoza,edithm651@gmail.com,w3893ee
44301460,Francisco,Pimentel,francisp112@gmail.com,fdd3401
41405836,Brian,Foster,brianf5922@gmail.com,uw2u29
80046260,Frank,Flores,frankf9011@gmail.com,373h387d
45831966,Hellen,Salas,hellen2629@gmail.com,jijf49ud
43059750,Patricia,Perez,paty4624@gmail.com,w29039n
41019592,Alex,Ruiz,alex10r17@gmail.com,2920a9a
40428019,Jacqueline,Hurtado,jackie15h6@gmail.com,s9k93wt9
48219408,Gary,Smith,gary5288@gmail.com,3d9i84d
08464626,Elena,Foster,elena6764@gmail.com,s3us3u6
40357139,Giovanna,Lopez,gio1616@gmail.com,d39s932
40097901,Ruben,Perez,ruben.p9811@gmail.com,q2992t8
45286028,Carlos,Gonzales,carlos.g102@gmail.com,8w92ii77
77148732,Rene,Miranda,renem275@gmail.com,sm9383s
41518235,Ronald,Sierra,ron.s8711@gmail.com,o90e9p0
21277405,Ricardo,Huaman,ricard.h9103@gmail.com,f884u48
46247004,Milagros,Perez,mili.p1919@gmail.com,9289twe
48429107,Joel,Rivera,joel7793@gmail.com,c43n847
42103352,David,Aguilar,david.a727@gmail.com,nuux993
17932189,Sara,Smith,sara6s47@gmail.com,8d8u238
47612609,Karen,Flores,karen8816@gmail.com,ks299r9r
06522401,Wendy,Foster,wendyf226@gmail.com,9s89sw8
40901170,Cristhian,Mendoza,cris.m1177@gmail.com,839kw9k
42786141,Martin,Gonzales,martin4g58@gmail.com,cyn474e
42575714,Orlando,Aldave,orland.a109@gmai.com,x8e9xm33
70757027,Indira,Malaga,indir.m2533@gmail.com,d8jjd993
16791632,Jorge,Smith,jorge.s5721@gmail.com,e9u8u44
76910430,Alton,Jimenez,alton8923@gmail.com,3298egq1
